JobTitle,Company,Location,Skills,JobLink,Source
Junior ML Engineer,Work Force Nexus,"Remote, ",,https://remoteOK.com/remote-jobs/remote-junior-ml-engineer-work-force-nexus-1133365,
Medical Claims Support I,Moda Health,"Portland, ",,https://remoteOK.com/remote-jobs/remote-medical-claims-support-i-moda-health-1133369,
BCCHW Trainer,Belle,"Georgia, Georgia, United States",,https://remoteOK.com/remote-jobs/remote-bcchw-trainer-belle-1133420,
Data Analyst,ActivTrak,"Austin, Austin, Texas, United States","python, cloud, data science",https://remoteOK.com/remote-jobs/remote-data-analyst-activtrak-1133346,
Drug Discovery Analyst,CuraSenseAI,"United States, ",,https://remoteOK.com/remote-jobs/remote-drug-discovery-analyst-curasenseai-1133333,
Healthcare Admin Assistant AI Projects,CuraSenseAI,"United States, ",,https://remoteOK.com/remote-jobs/remote-healthcare-admin-assistant-ai-projects-curasenseai-1133328,
Architect Retail Junior,LUV,"Barcelona, ",,https://remoteOK.com/remote-jobs/remote-architect-retail-junior-luv-1133396,
Research Analyst Education,AccessLex Institute,"United States, ",,https://remoteOK.com/remote-jobs/remote-research-analyst-education-accesslex-institute-1133326,
Client Success Analyst,Termgrid,"India, ",,https://remoteOK.com/remote-jobs/remote-client-success-analyst-termgrid-1133318,
Civil Engineer EN 8.42,Credence,,,https://remoteOK.com/remote-jobs/remote-civil-engineer-en-8-42-credence-1133279,
Rural and Suburban Mail Carrier,Canada Post / Postes Canada,"Saint Vincent's-Saint Stephen's-Peter's River, ",,https://remoteOK.com/remote-jobs/remote-rural-and-suburban-mail-carrier-canada-post-postes-canada-1133312,
Junior Software Engineer,StatusNeo,"India, ",,https://remoteOK.com/remote-jobs/remote-junior-software-engineer-statusneo-1133251,
Data Scientist,Why Hiring,"Canada, ","jira, data science",https://remoteOK.com/remote-jobs/remote-data-scientist-why-hiring-1133248,
Senior Infrastructure Engineer (m/w/d),TecTake GmbH,Igersheim,System and Network Administration,https://www.arbeitnow.com/jobs/companies/tectake-gmbh/senior-infrastructure-engineer-igersheim-284769,Arbeitnow
Senior Product Analyst (m/f/d),Flix,"München, Bayern, Germany",,https://www.arbeitnow.com/jobs/companies/flix/senior-product-analyst-munchen-21748,Arbeitnow
Junior Sales Manager / Trainee im Vertrieb (m/w/d) | bis 6.000 € | Würzburg,Koller & Lode,Würzburg,"Training, Development",https://www.arbeitnow.com/jobs/companies/koller-lode/junior-sales-manager-trainee-im-vertrieb-bis-6000-eur-wurzburg-491882,Arbeitnow
AI Developer (LLM Products) - Remote,dexter health,Cologne,"Remote, Development",https://www.arbeitnow.com/jobs/companies/dexter-health/ai-developer-llm-products-remote-cologne-37116,Arbeitnow
Applied AI Developer - Remote,dexter health,Cologne,"Remote, Development",https://www.arbeitnow.com/jobs/companies/dexter-health/applied-ai-developer-remote-cologne-39645,Arbeitnow
AI Engineer (LLM) - Remote,dexter health,Cologne,"Remote, Development",https://www.arbeitnow.com/jobs/companies/dexter-health/ai-engineer-llm-remote-cologne-192977,Arbeitnow
Werkstudent:in / Intern:in Online Marketing & Paid Ads (Google Ads / Meta) (m/w/d),Logic Joe GmbH,Hamburg,"Remote, Online Marketing",https://www.arbeitnow.com/jobs/companies/logic-joe-gmbh/werkstudentin-internin-online-marketing-paid-ads-google-ads-meta-hamburg-300012,Arbeitnow
Maintenance Contract & Billing Specialist EDL GmbH,Edl,Bochum,Accounts Receivable,https://www.arbeitnow.com/jobs/companies/edl/maintenance-contract-billing-specialist-edl-gmbh-bochum-428837,Arbeitnow
Junior Full-Stack Developer Befristet 2 Monate Read Description Before,uNaice GmbH,Werther,"Remote, Software Development",https://www.arbeitnow.com/jobs/companies/unaice-gmbh/junior-full-stack-developer-befristet-2-monate-read-description-before-werther-492964,Arbeitnow
Werkstudent Softwareentwicklung (m/w/d),Sicherheit Nord,Berlin,"Security and safety, college coursework completed",https://www.arbeitnow.com/jobs/companies/sicherheit-nord/werkstudent-softwareentwicklung-berlin-274701,Arbeitnow
(Senior) Manager Network Planning Train - Bau- & Jahresplanung (m/w/d),Flix,"Berlin, Berlin, Deutschland",,https://www.arbeitnow.com/jobs/companies/flix/senior-manager-network-planning-train-bau-jahresplanung-berlin-263022,Arbeitnow
Senior Sales Manager - Netherlands and Germany (2 positions available),OLIVER Agency,"Stuttgart, Baden-Württemberg, Germany",,https://www.arbeitnow.com/jobs/companies/oliver-agency/senior-sales-manager-netherlands-and-germany-2-positions-available-stuttgart-160207,Arbeitnow
IT Business Analyst (m/w/d),MY Humancapital GmbH,Munich,Information Systems,https://www.arbeitnow.com/jobs/companies/my-humancapital-gmbh/it-business-analyst-munich-14476,Arbeitnow
IT Projektmanager Software Implementierung (m/w/d),MY Humancapital GmbH,Munich,Project Management,https://www.arbeitnow.com/jobs/companies/my-humancapital-gmbh/it-projektmanager-software-implementierung-munich-285678,Arbeitnow
Senior SAP BTP Developer (m/w/d),MY Humancapital GmbH,Munich,Software Development,https://www.arbeitnow.com/jobs/companies/my-humancapital-gmbh/senior-sap-btp-developer-munich-388777,Arbeitnow
System Engineer Requirements & Systemarchitektur (m/w/d),MY Humancapital GmbH,Munich,Engineering,https://www.arbeitnow.com/jobs/companies/my-humancapital-gmbh/system-engineer-requirements-systemarchitektur-munich-468523,Arbeitnow
Lead Software Programmer – SME,ECS,Washington,,https://www.linkedin.com/jobs/view/lead-software-programmer-%E2%80%93-sme-at-ecs-4425952498,JSearch
Software Engineer - Front End,AIS (Applied Information Sciences),Alexandria,,https://www.linkedin.com/jobs/view/software-engineer-front-end-at-ais-applied-information-sciences-4428140186,JSearch
Software Engineer,KNOWFINITY,Washington,,https://www.linkedin.com/jobs/view/software-engineer-at-knowfinity-4425880356,JSearch
APPRENTICE SOFTWARE DEVELOPER,Catalyte,Arlington,,https://www.linkedin.com/jobs/view/apprentice-software-developer-at-catalyte-4421149914,JSearch
"Lead Software Engineer, Full Stack (Enterprise Platforms Technology)",Capital One,McLean,,https://www.capitalonecareers.com/job/mclean/lead-software-engineer-full-stack-enterprise-platforms-technology/1732/94600363936,JSearch
Senior Software Developer - Remote (WFH),"Cognitive Medical Systems, Inc.",Washington,,https://www.linkedin.com/jobs/view/senior-software-developer-remote-wfh-at-cognitive-medical-systems-inc-4416594945,JSearch
Software Engineer - Mid FBI Experience and TS Required to apply,Bow Wave LLC,Washington,,https://www.indeed.com/viewjob?jk=b4ae11ebe900e469,JSearch
"Software Engineer (SWE/SWE II), AI Platform- Slack","Salesforce, Inc.",Washington,,https://www.theladders.com/job/software-engineer-swe-swe-ii-ai-platform-slack-salesforce-washington-dc_85589791,JSearch
AI/ML Software Developer Jobs,"InterImage, Inc.",Arlington,,https://www.clearancejobs.com/jobs/8891883/aiml-software-developer,JSearch
"Software Engineer, Senior",Freddie Mac,McLean,,https://careers.freddiemac.com/us/en/job/JR17094/Software-Engineer-Senior,JSearch
Senior Software Engineer (m|w|d),idealo internet GmbH,Berlin,"Information technology, professional",https://www.arbeitnow.com/jobs/companies/idealo-internet-gmbh/senior-software-engineer-mwd-berlin-453477,Arbeitnow
Kreditanalyst (m/w/d),Jan Pethe Interim Management & Consulting GmbH - JPIMC®,Frankfurt am Main,Credit Analysis,https://www.arbeitnow.com/jobs/companies/jan-pethe-interim-management-consulting-gmbh-jpimc/kreditanalyst-frankfurt-am-main-81855,Arbeitnow
Business Segment Lead B2B SaaS / Software Features - (alle Identitäten),Caspar Health,Berlin,"Remote, Project Management",https://www.arbeitnow.com/jobs/companies/caspar-health/business-segment-lead-b2b-saas-software-features-alle-identitaten-berlin-283210,Arbeitnow
Sr. Advisor AI Transformation & Automation – E-Commerce (w/m/d),IONOS SE,Karlsruhe,Product Management,https://www.arbeitnow.com/jobs/companies/ionos-se/sr-advisor-ai-transformation-automation-e-commerce-karlsruhe-193971,Arbeitnow
Network Security Engineer (m/w/d),IDKOM Networks GmbH,Kempten,IT Security,https://www.arbeitnow.com/jobs/companies/idkom-networks-gmbh/network-security-engineer-kempten-245467,Arbeitnow
Grafikdesigner:in für E-Mail & Ads (Werkstudent/Freelance),Angelgym GmbH,Hanover,"Remote, Graphic Arts and Communication Design",https://www.arbeitnow.com/jobs/companies/angelgym-gmbh/grafikdesignerin-fur-e-mail-ads-werkstudent-freelance-hanover-252634,Arbeitnow
Engineering Manager (m/f/d),Superchat,Berlin,Engineering,https://www.arbeitnow.com/jobs/companies/superchat/engineering-manager-berlin-369636,Arbeitnow
Director of Engineering (m/f/d),Superchat,Berlin,Engineering,https://www.arbeitnow.com/jobs/companies/superchat/director-of-engineering-berlin-77409,Arbeitnow
Founding Engineering Team Lead (HandsOn),TechBiz Global GmbH,Berlin,"Engineering, bachelor's degree",https://www.arbeitnow.com/jobs/companies/techbiz-global-gmbh/founding-engineering-team-lead-handson-berlin-474798,Arbeitnow
"Software Engineer, iOS Core Product - Düsseldorf, Germany",Speechify,"Dusseldorf, North Rhine-Westphalia, Germany",,https://www.arbeitnow.com/jobs/companies/speechify/software-engineer-ios-core-product-dusseldorf-germany-dusseldorf-213333,Arbeitnow
"Software Engineer, iOS Core Product - Cologne, Germany",Speechify,"Cologne, North Rhine-Westphalia, Germany",,https://www.arbeitnow.com/jobs/companies/speechify/software-engineer-ios-core-product-cologne-germany-359653,Arbeitnow
"Software Engineer, iOS Core Product - Hamburg, Germany",Speechify,"Hamburg, Hamburg, Germany",,https://www.arbeitnow.com/jobs/companies/speechify/software-engineer-ios-core-product-hamburg-germany-151559,Arbeitnow
"Software Engineer, iOS Core Product - Munich, Germany",Speechify,"Munich, Bavaria, Germany",,https://www.arbeitnow.com/jobs/companies/speechify/software-engineer-ios-core-product-munich-germany-270823,Arbeitnow
"Software Engineer, iOS Core Product - Berlin, Germany",Speechify,"Berlin, Berlin, Germany",,https://www.arbeitnow.com/jobs/companies/speechify/software-engineer-ios-core-product-berlin-germany-366026,Arbeitnow
"Fullstack Software Entwickler Java, Angular (m/w/d)",isento GmbH,Nuremberg,Software Development,https://www.arbeitnow.com/jobs/companies/isento-gmbh/fullstack-software-entwickler-java-angular-nuremberg-211044,Arbeitnow
Software Developer (m/w/d)- Schwerpunkt Angular,isento GmbH,Nuremberg,Software Development,https://www.arbeitnow.com/jobs/companies/isento-gmbh/software-developer-schwerpunkt-angular-nuremberg-296768,Arbeitnow
Multichannel E-Commerce Manager (AI-First) (m/w/d),Bremer Gewürzhandel GmbH,Bremen,"Market Research, Analysis",https://www.arbeitnow.com/jobs/companies/bremer-gewurzhandel-gmbh/multichannel-e-commerce-manager-ai-first-bremen-204316,Arbeitnow
Senior Software Developer (m/w/d),isento GmbH,Nuremberg,Software Development,https://www.arbeitnow.com/jobs/companies/isento-gmbh/senior-software-developer-nuremberg-261705,Arbeitnow
Senior Software Engineer / React and Python,Motion Recruitment,,,https://www.linkedin.com/jobs/view/senior-software-engineer-react-and-python-at-motion-recruitment-4422662689,JSearch
Consultant (Software Developer),Dexian,Fairfax,,https://dexian.com/jobs/consultant-software-developer-1007264-18233/,JSearch
Principal Software Engineer,Minfy,McLean,,https://www.linkedin.com/jobs/view/principal-software-engineer-at-minfy-4426914858,JSearch
HP100 Scientific Software Developer,"ADNET Systems, Inc.",Greenbelt,,https://www.indeed.com/viewjob?jk=16087781678df268,JSearch
AI Software Developer,Leidos,Gaithersburg,,https://careers.leidos.com/jobs/17598971-ai-software-developer,JSearch
Software Developer - Junior with Security Clearance,Linchpin Software,Washington,,https://www.linkedin.com/jobs/view/software-developer-junior-with-security-clearance-at-linchpin-software-4419411220,JSearch
Sr. Distinguished Software Engineer - AML (Remote - Eligible),Capital One,,,https://www.capitalonecareers.com/job/mclean/sr-distinguished-software-engineer-aml-remote-eligible/1732/94042210352,JSearch
"Software Development Engineer III, WW Sustainability",Amazon,Arlington,,https://www.linkedin.com/jobs/view/software-development-engineer-iii-ww-sustainability-at-amazon-4412996636,JSearch
Principal Software Engineer (Guest Communications Platform),Marriott,,,https://careers.marriott.com/principal-software-engineer-guest-communications-platform/job/FFA2A286CCC8820A169ABE44A067BEBF,JSearch
"Software Engineer, Backend",10a Labs,Washington,,https://www.linkedin.com/jobs/view/software-engineer-backend-at-10a-labs-4407223137,JSearch
"Software Developer 1 - (Java, Microservices, Spring Boot)","Akina, Inc",Columbia,,https://www.linkedin.com/jobs/view/software-developer-1-java-microservices-spring-boot-at-akina-inc-4428670028,JSearch
Software Developer - Web Development,Systems Planning & Analysis,Alexandria,,https://www.linkedin.com/jobs/view/software-developer-web-development-at-systems-planning-analysis-4403562501,JSearch
Senior Software Engineer – Data and Analytics Technology,Marriott,,,https://careers.marriott.com/senior-software-engineer-data-and-analytics-technology/job/AECF66C592765E7BBFBA711E750C1051,JSearch
"Software Engineer-Data Engineering, Machine Learning (ML)",AAMVA (American Association of Motor Vehicle Administrators),Arlington,,https://www.linkedin.com/jobs/view/software-engineer-data-engineering-machine-learning-ml-at-aamva-american-association-of-motor-vehicle-administrators-4421228504,JSearch
Software Developer,"Akumen, Inc.",Camp Springs,,https://www.linkedin.com/jobs/view/software-developer-at-akumen-inc-4423232243,JSearch
JUNIOR SOFTWARE DEVELOPER/ANALYST,RFTEQ Pty Ltd,Washington,,https://www.linkedin.com/jobs/view/junior-software-developer-analyst-at-rfteq-pty-ltd-4414152765,JSearch
Software Engineer (Contract),540,,,https://www.linkedin.com/jobs/view/software-engineer-contract-at-540-4387629097,JSearch
"Software Developer, Senior",Freddie Mac,McLean,,https://careers.freddiemac.com/us/en/job/JR16813/Software-Developer-Senior,JSearch
"Modern Software Developer, Senior",Booz Allen Hamilton,Arlington,,https://www.linkedin.com/jobs/view/modern-software-developer-senior-at-booz-allen-hamilton-4413267998,JSearch
"Software Dev Engineer, Benefits Experience and Technology (BXT)",Amazon,Arlington,,https://www.linkedin.com/jobs/view/software-dev-engineer-benefits-experience-and-technology-bxt-at-amazon-4420297890?position=52&pageNum=0&refId=QzD30%2BWb9RGKhKHEEdotAA%3D%3D&trackingId=m2bfFelK2t3bysec23XTOA%3D%3D,JSearch
Software Development Engineer II- Back End,Esri,Washington,,https://www.linkedin.com/jobs/view/software-development-engineer-ii-back-end-at-esri-4424731212,JSearch
Senior .NET Software Engineer,Catapult Federal Services,Arlington,,https://www.linkedin.com/jobs/view/senior-net-software-engineer-at-catapult-federal-services-4425256061,JSearch
Mid-Level Software Engineer (Python / C++),FANTOM CORPORATION,,,https://www.linkedin.com/jobs/view/mid-level-software-engineer-python-c%2B%2B-at-fantom-corporation-4428108168,JSearch
Software Engineer I,TSC,Silver Spring,,https://www.linkedin.com/jobs/view/software-engineer-i-at-tsc-4414931958,JSearch
Software Engineer (ML Visualization & Tooling),Cynnovative,Arlington,,https://www.linkedin.com/jobs/view/software-engineer-ml-visualization-tooling-at-cynnovative-4409479582,JSearch
Defense Software Engineer,Applied Intuition,Arlington,,https://www.linkedin.com/jobs/view/defense-software-engineer-at-applied-intuition-4423961703,JSearch
Principal Software Engineer - React (Contractual),Creative Chaos,Washington,,https://www.linkedin.com/jobs/view/principal-software-engineer-react-contractual-at-creative-chaos-4365555182,JSearch
Software Developer Jobs,Quantum Science Solutions,McLean,,https://www.clearancejobs.com/jobs/8958702/software-developer,JSearch
"Software Engineer 3 - Tysons, VA","M.C. Dean, Inc.",McLean,,https://www.linkedin.com/jobs/view/software-engineer-3-tysons-va-at-m-c-dean-inc-4424995260,JSearch
Jr. Software Developer,NuAxis Innovations,Vienna,,https://www.indeed.com/viewjob?jk=cd90a150e3a2c475,JSearch
"Forward Deployed Software Engineer, U.S. Department of War",Rivet Industries,Washington,,https://www.linkedin.com/jobs/view/forward-deployed-software-engineer-u-s-department-of-war-at-rivet-industries-4411969135,JSearch
"Principal Software Engineer  - Bethesda, MD",Stackular,Bethesda,,https://www.linkedin.com/jobs/view/principal-software-engineer-bethesda-md-at-stackular-4419026481,JSearch
Software Developer Jobs,Peraton,Linthicum Heights,,https://www.clearancejobs.com/jobs/8970918/software-developer,JSearch
Golang Developer,Infomatics Corp,Bethesda,,https://www.linkedin.com/jobs/view/golang-developer-at-infomatics-corp-4426062841,JSearch
Software Development Engineer,AeroVironment,Herndon,,"https://www.ziprecruiter.com/c/AeroVironment/Job/Software-Development-Engineer/-in-Herndon,VA?jid=b462389e0d3f9677",JSearch
Software Developer (All Levels),Nyla Technology Solutions,Annapolis Junction,,https://www.indeed.com/viewjob?jk=1cb03c453c8d22a1,JSearch
Sr. Software Developer Jobs,"22nd Century Technologies, Inc.",McLean,,https://www.clearancejobs.com/jobs/8906767/sr-software-developer,JSearch
Data Engineer / Python & SQL Developer,Graham Technologies,,,https://www.indeed.com/viewjob?jk=9d8c60ea284c428b,JSearch
Python Backend Engineer - Remote,YO IT Consulting,,,https://www.linkedin.com/jobs/view/python-backend-engineer-remote-at-yo-it-consulting-4427419051,JSearch
"Python Developer(Mclean, VA)-Only locals",StackNexus Inc.,McLean,,https://www.dice.com/job-detail/8063e3ae-8bb6-4e3e-972d-238809e29970,JSearch
Python Developer,V Group Inc.,Washington,,https://www.linkedin.com/jobs/view/python-developer-at-v-group-inc-4424738823,JSearch
Entry-Level Python Developer (Remote),TryApplyNow,Washington,,https://salutemyjob.com/jobs/entry-level-python-developer-remote-washington-washington-dc/2812304755-2/,JSearch
Powerful Python Developer (AI and/or GIS Specialist),Black Cape,Bethesda,,https://www.linkedin.com/jobs/view/powerful-python-developer-ai-and-or-gis-specialist-at-black-cape-4425861658,JSearch
"Lead Python Developer, Data Analytics",CVS Health,Washington,,https://www.indeed.com/viewjob?jk=451831ecc6eff5f0,JSearch
Python Developer (W2 & Open for sponsorship),Orbien LLC,McLean,,https://www.linkedin.com/jobs/view/python-developer-w2-open-for-sponsorship-at-orbien-llc-4427044937,JSearch
Software Engineer III (Python),Truist Bank,Washington,,https://careers.truist.com/us/en/job/TBJTBFUSR0113385EXTERNALENUS/Software-Engineer-III-Python,JSearch
Entry Level Python Developer,SynergisticIT,Arlington,,https://lensa.com/job-v1/synergisticit/arlington-va/python-developer/6e637983bbde3abccb473461a71353d4,JSearch
"Python Developer - AI, Sagemaker, AWS",Jobs via Dice,Reston,,https://www.linkedin.com/jobs/view/python-developer-ai-sagemaker-aws-at-jobs-via-dice-4427439501,JSearch
"Software Developer, Python - Security Clearance Required",IIIIIIUS,Adelphi,,https://careers.icf.com/us/en/job/R2600146/Software-Developer-Python-Security-Clearance-Required,JSearch
"Python Developer - AI, AWS, Sagemaker - ZL",SES,Reston,,https://www.dice.com/job-detail/83d2374e-eb38-4233-8c61-82e79942073c,JSearch
Python Developer for Financial Model Risk Management Systems,Intelagile,Washington,,https://www.indeed.com/viewjob?jk=ca3b8c762a628cd0,JSearch
Python AI Engineer | Hybrid,Crossing Hurdles,Washington,,https://www.linkedin.com/jobs/view/python-ai-engineer-hybrid-at-crossing-hurdles-4422830411,JSearch
"Senior Lead Software Engineer, Back End (Python/Node.js)",Capital One,McLean,,https://www.capitalonecareers.com/job/mclean/senior-lead-software-engineer-back-end-python-node-js/1732/94487334416,JSearch
"Python - Software Engineer, AI",G2i Inc.,Arlington,,"https://www.ziprecruiter.com/c/G2i/Job/Python-Software-Engineer,-AI/-in-Arlington,VA?jid=839daaa6c0f4c203",JSearch
: Senior Python Developer (Need Locals),Cardinal Integrated Technologies Inc,McLean,,https://www.dice.com/job-detail/fbf1d246-a5a7-47e9-80ae-b149c2aa0fcc,JSearch
Senior Python Developer (Lead),Otoe Missouria Group,Washington,,https://www.indeed.com/viewjob?jk=5d305ab25c7d2c06,JSearch
Python Developer,CIO Front Office,Woodlawn,,https://www.usajobs.gov/job/856726500,JSearch
Junior Python Developer,Leidos,Columbia,,https://careers.leidos.com/jobs/17806499-junior-python-developer,JSearch
Senior Software Engineer (Python),Phaxis LLC,Alexandria,,https://www.monster.com/job-openings/senior-software-engineer-python-alexandria-va--b0675b56-c9cd-4028-b815-39418baa5abb,JSearch
Python Developer,CACI International,Bethesda,,https://bebee.com/us/jobs/python-developer-caci-international-bethesda-md--theirstack-670155453,JSearch
Python/Django Developers Needed!!!,Veredus - DC,Washington,,"https://www.ziprecruiter.com/c/Veredus-DC/Job/Python-Django-Developers-Needed!!!/-in-Washington,DC?jid=a5a7027ceaf86514",JSearch
Python Developer,Intone Networks,McLean,,https://www.indeed.com/viewjob?jk=6ceeabea14de8ced,JSearch
"Python Developer at Purple Drive McLean, VA",Purple Drive,McLean,,https://bimdec.pe/hiring/job/python-developer-at-purple-drive-mclean-va-RVdaSVlUUG9vQ09Uc0tiWE9KOW0zeUc4NEE9PQ==,JSearch
Python Developer (Full Stack),Futrend Technology,Bethesda,,https://talents.vaia.com/companies/futrend-technology/python-developer-full-stack-32585448/,JSearch
Full-stack Python Developer,SynergisticIT,Washington,,https://bebee.com/us/jobs/full-stack-python-developer-synergisticit-washington--lensa-2365_c20683144aba7099ec33048500f7152b4ce498ba98d4e5183ff57fbb1af39b3c,JSearch
Python Lead Developer,Omni Inclusive,Washington,,https://lensa.com/job-v1/omni-inclusive/washington-dc/lead-python-developer/797e94b80eba4014445a66ed14bef1a1,JSearch
Senior SAS/Python Model Validation and Modernization Developer,BLN24,McLean,,https://www.linkedin.com/jobs/view/senior-sas-python-model-validation-and-modernization-developer-at-bln24-4426933387,JSearch
Python Developer,Aktra,McLean,,https://www.indeed.com/viewjob?jk=800e54b0ef3f42a7,JSearch
Python Developer,SOHO Square Solutions,Tysons,,https://www.dice.com/job-detail/8a313d3b-d0a1-4b40-b7f5-e6e2d16d191c,JSearch
Python Developer - w2,Sidram Technologies,McLean,,"https://www.ziprecruiter.com/c/Sidram-Technologies/Job/Python-Developer-w2/-in-Mclean,VA?jid=bb4d44082fcb73c8",JSearch
Junior Python Developer,OPT Nation,Arlington,,https://www.optnation.com/junior-python-developer-job-in-arlington-va-view-jobid-28530,JSearch
Mid Level Python Developer/DEVOPS,"Futrend Technology, Inc.",Bethesda,,https://www.indeed.com/viewjob?jk=086d783c7ab14244,JSearch
Sr. Python Full Stack Developer,"eSolutionsFirst, LLC",McLean,,https://www.dice.com/job-detail/90ab270e-30da-4902-af2c-b011980ac74d,JSearch
Python Developer,Leidos,Chantilly,,https://careers.leidos.com/jobs/17806500-python-developer,JSearch
Software Python Developer,Voto Consulting LLC,McLean,,https://www.dice.com/job-detail/b6c2a916-5a8f-4a80-bf8d-fcf31e9f509e,JSearch
Python Developer (Mid to Sr),"Futrend Technology, Inc.",Bethesda,,https://www.linkedin.com/jobs/view/python-developer-mid-to-sr-at-futrend-technology-inc-4371054455,JSearch
Mid Level Onsite Python Developer with CDE Experience,"Futrend Technology, Inc.",Bethesda,,https://www.indeed.com/viewjob?jk=5fdcb7c2225f1c7c,JSearch
Backend Python Developer,Jobs via Dice,McLean,,https://bebee.com/us/jobs/backend-python-developer-jobs-via-dice-mclean-va--theirstack-673335585,JSearch
Senior Python Developer,Leidos,Columbia,,https://careers.leidos.com/jobs/17414760-senior-python-developer,JSearch
"26-1106: Full Stack Python Developer - Herndon, VA","Navitas Business Consulting, Inc.",Herndon,,https://www.linkedin.com/jobs/view/26-1106-full-stack-python-developer-herndon-va-at-navitas-business-consulting-inc-4424840739,JSearch
"API/Java/Python Developer, SME TS Clearance REQUIRED","CGI Group, Inc.",Arlington,,https://www.indeed.com/viewjob?jk=4e9b2b753a47a3b3,JSearch
Python Developer,Atechstar,Washington,,https://www.optnation.com/python-developer-job-in-washington-dc-view-jobid-29385,JSearch
Python Developer Jobs,Leidos,Reston,,https://www.clearancejobs.com/jobs/8935365/python-developer,JSearch
IT Engineer für digitale Lösungen und technische Systeme (m/w/d),CaraConsult GmbH,Bad Homburg,"Consulting, Engineering",https://www.arbeitnow.com/jobs/companies/caraconsult-gmbh/it-engineer-fur-digitale-losungen-und-technische-systeme-bad-homburg-72835,Arbeitnow
Trainee Artist Manager / Influencer Manager (m/w/d),Lionflence,Mülheim,"Training, Development",https://www.arbeitnow.com/jobs/companies/lionflence/trainee-artist-manager-influencer-manager-mulheim-213044,Arbeitnow
Powerful Python Developer Jobs,Black Cape,Bethesda,,https://www.clearancejobs.com/jobs/8964830/powerful-python-developer,JSearch
"Lead Software Engineer, Full Stack (Python, Java, AWS, CI/CD, GenAI) (Enterprise Platforms Technology)",Capital One,McLean,,https://www.capitalonecareers.com/job/mclean/lead-software-engineer-full-stack-python-java-aws-ci-cd-genai-enterprise-platforms-technology/1732/96041917200,JSearch
"Software Engineer, Command Control Mission Autonomy",Anduril Industries,Washington,,https://www.linkedin.com/jobs/view/software-engineer-command-control-mission-autonomy-at-anduril-industries-4427143668,JSearch
Software Engineer Intermediate,Everforth ECS,Washington,,https://www.indeed.com/viewjob?jk=19002b421c2c6788,JSearch
Sr Lead Software Engineer (Full Stack),Capital One,McLean,,https://www.capitalonecareers.com/job/mclean/sr-lead-software-engineer-full-stack/1732/96207278848,JSearch
Senior Full Stack Engineer – Java/Angular with PowerBuilder,Drillo.AI,Washington,,https://www.linkedin.com/jobs/view/senior-full-stack-engineer-%E2%80%93-java-angular-with-powerbuilder-at-drillo-ai-4426136493,JSearch
Senior Software Engineer — C# / WPF,CaseGuard,Arlington,,https://www.linkedin.com/jobs/view/senior-software-engineer-%E2%80%94-c%23-wpf-at-caseguard-4427540852,JSearch
Software Developer & Engineer,Accenture Federal Services,Washington,,https://www.careerbuilder.com/job-details/software-developer-engineer-washington-dc--fd4cc91b-0ad0-44dd-a148-b04eecaf70e7,JSearch
Software Engineer,Soft Tech Consulting,Suitland-Silver Hill,,https://www.indeed.com/viewjob?jk=f4800b1bd1be70d9,JSearch
Software Engineer - Full Stack Developer,Integrity Defense Solutions Inc,Washington,,"https://www.ziprecruiter.com/c/Integrity-Defense-Solutions-Inc/Job/Software-Engineer-Full-Stack-Developer/-in-Washington,DC?jid=256d171b7b5346e3",JSearch
Senior Software Developer II - Full Stack,BLEN Corp,,,https://builtin.com/job/senior-software-developer-ii-full-stack/8625631,JSearch
Mid Level Forward Deployed Software Engineer,PVM Inc,Arlington,,https://www.indeed.com/viewjob?jk=fa03cbd2888f8d6f,JSearch
Journeyman Software Engineer Jobs,Leidos,Alexandria,,https://www.clearancejobs.com/jobs/8879568/journeyman-software-engineer,JSearch
"Full Stack, Software Engineer, Mid",Booz Allen Hamilton,Arlington,,https://www.linkedin.com/jobs/view/full-stack-software-engineer-mid-at-booz-allen-hamilton-4424784660,JSearch
"Staff Data Analyst, Audience Analytics & Insights - CNN Digital Products & Services",CNN,Washington,,https://www.linkedin.com/jobs/view/staff-data-analyst-audience-analytics-insights-cnn-digital-products-services-at-cnn-4368892664,JSearch
Program Analyst (Data Analyst),US Office of Personnel Management,Washington,,https://www.indeed.com/viewjob?jk=533d21e2057bce41,JSearch
Data Analyst and Evaluation Manager,DC Department of Human Resources,Washington,,https://www.linkedin.com/jobs/view/data-analyst-and-evaluation-manager-at-dc-department-of-human-resources-4426744355,JSearch
Senior Data Analyst,CACI,Washington,,https://searchcareers.caci.com/careers/job/1443148807493,JSearch
Data Analyst Jobs,Cherokee Federal,Arlington,,https://www.clearancejobs.com/jobs/8965896/data-analyst,JSearch
Entry Level Data Analyst,Professional Analysis Incorporated,Washington,,https://www.indeed.com/viewjob?jk=ed78986c6a8589d7,JSearch
Senior Data Analytics BI Engineer,"AITHERAS, LLC",Arlington,,https://www.linkedin.com/jobs/view/senior-data-analytics-bi-engineer-at-aitheras-llc-4427298162,JSearch
Operations Data Analyst,Arlington County Government,Arlington,,https://www.tealhq.com/job/operations-data-analyst_7ea1a496b565124f408769b06bccb8fa8497f,JSearch
Part-Time Data Analyst,The Midtown Group,Arlington,,"https://www.ziprecruiter.com/c/Midtown-Group/Job/Part-Time-Data-Analyst/-in-Arlington,VA?jid=1a29362709704313",JSearch
Senior Data Analyst- Enterprise,Capital One,,,https://www.capitalonecareers.com/job/mclean/senior-data-analyst-enterprise/1732/91386385424,JSearch
Data Analyst and Visualization Expert,CGI,Arlington,,https://www.linkedin.com/jobs/view/data-analyst-and-visualization-expert-at-cgi-4426533126,JSearch
Data Analyst - Operations,CAVA,Washington,,"https://www.ziprecruiter.com/c/Cava-Grill/Job/Data-Analyst-Operations/-in-Washington,DC?jid=6a4bcfe900fd1d4e",JSearch
Data Analyst - TS/SCI Required,Logistics Management Institute,Washington,,https://www.indeed.com/viewjob?jk=eeb5c2df077b67ec,JSearch
Facilities Data Analyst,SAIC,Springfield,,https://jobs.saic.com/jobs/17856476-facilities-data-analyst,JSearch
Data Analytics Manager- Card,Capital One,McLean,,https://www.capitalonecareers.com/job/mclean/data-analytics-manager-card/1732/96227704416,JSearch
Business/Data Analyst,Infinitive,McLean,,https://www.linkedin.com/jobs/view/business-data-analyst-at-infinitive-4427909972,JSearch
"Analyst, People Technology & Data",Condé Nast,Adelphi,,"https://www.ziprecruiter.com/c/Cond%C3%A9-Nast/Job/Analyst,-People-Technology-&-Data/-in-Adelphi,MD?jid=d7c023224c8dea18",JSearch
Junior Data Analyst,"Lynch Consultants, LLC",Camp Springs,,https://www.indeed.com/viewjob?jk=d4cf09efa41e5103,JSearch
Senior Data Analyst Jobs,Leidos,Alexandria,,https://www.clearancejobs.com/jobs/8926402/senior-data-analyst,JSearch
Data Analyst Supporting the FBI,FSA,Washington,,https://www.linkedin.com/jobs/view/data-analyst-supporting-the-fbi-at-fsa-4420435921,JSearch
"Data Scientist, CG-1560-15",Federal Deposit Insurance Corporation,Washington,,https://www.usajobs.gov/job/872794100,JSearch
Data Scientist,OPM Human Resources,Washington,,https://www.usajobs.gov/job/872684200,JSearch
Data Scientist - Federal Acquisition Service,GSA,Washington,,https://www.linkedin.com/jobs/view/data-scientist-federal-acquisition-service-at-gsa-4426765058,JSearch
"Manager, Data Scientist - Deposit Forecasting and Pricing",Capital One,McLean,,https://www.capitalonecareers.com/job/mclean/manager-data-scientist-deposit-forecasting-and-pricing/1732/96359807984,JSearch
"Data Scientist, Mid-Washington,District of Columbia","BOOZ, ALLEN & HAMILTON, INC.",Alexandria,,"https://www.ziprecruiter.com/c/BOOZ,-ALLEN-&-HAMILTON/Job/Data-Scientist,-Mid-Washington,District-of-Columbia/-in-Alexandria,VA?jid=cc5b84ee7e98a961",JSearch
Data Scientist - TS/SCI,Integrity Management Consulting,Washington,,https://www.indeed.com/viewjob?jk=2886f799ab6fb6bd,JSearch
"Data Scientist, Mid level",Planet Technologies,Washington,,https://www.indeed.com/viewjob?jk=521763da910891c2,JSearch
AI/ML Data Scientist,Guidehouse,Arlington,,https://www.linkedin.com/jobs/view/ai-ml-data-scientist-at-guidehouse-4423596073,JSearch
Data Scientist - JIATF,CACI,Alexandria,,https://searchcareers.caci.com/careers/job/1443151190532,JSearch
"Data Scientist, AWS Security",Amazon.com Services LLC,Arlington,,https://www.indeed.com/viewjob?jk=0507178a1a8ba583,JSearch
Mid Data Architect / Data Scientist Jobs,Chenega Corporation,Arlington,,https://www.clearancejobs.com/jobs/8958730/mid-data-architect-data-scientist,JSearch
NIH Data Science to Advance Women’s Health Research,Oak Ridge Institute for Science and Education,Bethesda,,https://www.linkedin.com/jobs/view/nih-data-science-to-advance-women%E2%80%99s-health-research-at-oak-ridge-institute-for-science-and-education-4426571641,JSearch
Data Scientist - Senior Job#482,Allen Integrated Solutions,Washington,,https://www.indeed.com/viewjob?jk=83463fb591ece4c3,JSearch
"Sr Data Scientist, WWSO Bedrock",Amazon Web Services (AWS),Arlington,,https://www.linkedin.com/jobs/view/sr-data-scientist-wwso-bedrock-at-amazon-web-services-aws-4416441722,JSearch
Data Scientist – Supply Chain Risk Management,VT Group (VTG),,,https://www.linkedin.com/jobs/view/data-scientist-%E2%80%93-supply-chain-risk-management-at-vt-group-vtg-4413582958,JSearch
"Manager, Data Scientist - Model Risk Office",Capital One,McLean,,https://www.capitalonecareers.com/job/mclean/manager-data-scientist-model-risk-office/1732/91589939936,JSearch
Data Scientist - Sr,Nalley Consulting,Arlington,,https://www.indeed.com/viewjob?jk=3d8dbb341f66f505,JSearch
Data Scientist / ML Engineer - Army (TS/SCI) with Security Clearance,Praescient Analytics,Arlington,,https://www.linkedin.com/jobs/view/data-scientist-ml-engineer-army-ts-sci-with-security-clearance-at-praescient-analytics-4419422097,JSearch
Asymmetric Threat Data Scientist Jobs,CACI,Washington,,https://www.clearancejobs.com/jobs/8882574/asymmetric-threat-data-scientist,JSearch
"Data Scientist, Product Analytics",Meta,Washington,,https://metacareers.dejobs.org/washington-dc/data-scientist-product-analytics/3BB08FA5DADC4DC58A6BBF7D72DCC987/job/,JSearch
"Machine Learning Engineer, ASE Search Team",Apple,Washington,,https://www.theladders.com/job/machine-learning-engineer-ase-search-team-apple-washington-dc_87282741,JSearch
Senior AI / Machine Learning Engineer (Public Trust) with Security Clearance,Praescient Analytics,Chevy Chase,,https://www.linkedin.com/jobs/view/senior-ai-machine-learning-engineer-public-trust-with-security-clearance-at-praescient-analytics-4419419069,JSearch
Generative AI & Machine Learning Engineer,Thomson Reuters,McLean,,https://www.indeed.com/viewjob?jk=e0a2b504fc29030d,JSearch
Homes.com - Senior Machine Learning Engineer,CoStar,Arlington,,https://careers.costargroup.com/careers/job/446718108457-homes-com-senior-machine-learning-engineer-arlington-virginia-united-states-of-america?domain=costar.com&microsite=all,JSearch
AI/ML Engineer and Data Scientist,Booz Allen Hamilton,Fort Belvoir,,https://www.linkedin.com/jobs/view/ai-ml-engineer-and-data-scientist-at-booz-allen-hamilton-4423099407,JSearch
Artificial Intelligence/Machine Learning Engineer,EverWatch,Annapolis Junction,,https://www.linkedin.com/jobs/view/artificial-intelligence-machine-learning-engineer-at-everwatch-4414176844,JSearch
Staff Machine Learning Engineer - Generative AI,Xometry,Gaithersburg,,https://www.indeed.com/viewjob?jk=ebead57c296dcd57,JSearch
Senior Software Engineer - Machine Learning & Cloud Technologies,CACI,Linthicum Heights,,https://searchcareers.caci.com/careers/job/1443149539617,JSearch
"Artificial Intelligence & Machine Learning Engineer, Senior",Phase2 Technology,Fort Meade,,https://www.jobleads.com/us/job/artificial-intelligence-machine-learning-engineer-senior--fort-meade--e8ebdcdbe26ab95fb830e050c9c26f9dd,JSearch
"Artificial Intelligence Machine Learning Engineer (Annapolis Junction, MD)","Shield Consulting Solutions, Inc.",,,https://www.theladders.com/job/artificial-intelligence-machine-learning-engineer-annapolis-junction-md-cppcorp-annapolis-md_84783847,JSearch
Sr. Data Scientist / Machine Learning Engineer,"CACI International, Inc.",Reston,,"https://www.ziprecruiter.com/c/CACI/Job/Sr.-Data-Scientist-Machine-Learning-Engineer-with-Security-Clearance/-in-Reston,VA?jid=984d52e84c4723d0",JSearch
Generative AI & Machine Learning Engineer,USA015 Thomson Reuters Special Services LLC,,,https://thomsonreuters.wd5.myworkdayjobs.com/External_Career_Site/job/United-States-of-America-McLean-Virginia/Generative-AI---Machine-Learning-Engineer_JREQ193871/apply,JSearch
"Machine Learning Engineer/Senior Machine Learning Engineer - Devops, AI for Drug Discovery",Genentech,New York,,https://careers.gene.com/us/en/job/202509-122841/Machine-Learning-Engineer-Senior-Machine-Learning-Engineer-Devops-AI-for-Drug-Discovery,JSearch
Senior Scientific Machine Learning Engineer – Earth-2,NVIDIA Corporation,,,https://jobs.nvidia.com/careers/job/893393277889?ncid=ref-inpa-,JSearch
MLOps Engineer,TechWish,Tysons,,https://www.linkedin.com/jobs/view/mlops-engineer-at-techwish-4380200372,JSearch
"Senior Machine Learning Engineer, Ranking - Quora (Remote)",Quora,,,https://builtin.com/job/senior-machine-learning-engineer-ranking-quora-remote/8153243,JSearch
Senior Machine Learning Engineer - Ads,Uber,New York,,https://www.uber.com/global/en/careers/list/152625/,JSearch
AI Machine Learning Engineer,The Hartford,Charlotte,,https://www.jointhehartford.com/job/4915/ai-machine-learning-engineer-data-analytics-us-nc-charlotte/,JSearch
"Machine Learning Engineer, Express AI Foundations",Adobe,San Jose,,https://careers.adobe.com/us/en/job/R167647/Machine-Learning-Engineer-Express-AI-Foundations,JSearch
"AI Engineer, Platform Infrastructure, Special Programs",SpaceX,Washington,,https://www.linkedin.com/jobs/view/ai-engineer-platform-infrastructure-special-programs-at-spacex-4416743387,JSearch
Cyber Operations Engineer - Artificial Intelligence,The MITRE Corporation,McLean,,https://careers.mitre.org/us/en/job/R116703/Cyber-Operations-Engineer-Artificial-Intelligence,JSearch
"AI Engineer, Marketing",Planet,Arlington,,https://www.linkedin.com/jobs/view/ai-engineer-marketing-at-planet-4402642065,JSearch
AI Engineer,General Dynamics,Falls Church,,https://bebee.com/us/jobs/ai-engineer-general-dynamics-falls-church--lifeworq-83774cab-723f-4c1f-a105-1c23f9e1aa9f,JSearch
AI Engineer ( Gaming Industry ),Vantor,McLean,,https://bebee.com/us/jobs/ai-engineer-gaming-industry-vantor-mclean--dc-DD10804F5C9C7874E96C677AF6576119,JSearch
AI Engineer (Remote),Booz Allen Hamilton,Fort Belvoir,,https://bebee.com/us/jobs/ai-engineer-remote-booz-allen-hamilton-fort-belvoir--dc-4D110D6C38FE52F0D53B8C92C0EF93A7,JSearch
SDET (AI/LLM Experience),Secretaria de Serviços Prefeitura de São Paulo,Reston,,https://www.linkedin.com/jobs/view/sdet-ai-llm-experience-at-secretaria-de-servi%C3%A7os-prefeitura-de-s%C3%A3o-paulo-4427980095,JSearch
Software Engineer (AI Engineer),"Constellation Technologies, Inc",Linthicum Heights,,https://www.jobleads.com/us/job/software-engineer-ai-engineer-fully-cleared-with-polygraph-required--linthicum--e1684640b9225cca9e64f2972be2c2724,JSearch
Systems Engineer AI/ML SME,"Systek, Inc.",,,https://www.indeed.com/viewjob?jk=7250f17a441b3d0c,JSearch
Artificial Intelligence/Machine Learning (AI/ML) Engineer,Base-2 Solutions,,,https://clearedcareers.com/job/787995/artificial-intelligence-machine-learning-ai-ml-engineer/,JSearch
AI Engineer with Security Clearance,Avid Technology Professionals,Annapolis Junction,,https://www.linkedin.com/jobs/view/ai-engineer-with-security-clearance-at-avid-technology-professionals-4419415479,JSearch
AI Model SME,Booz Allen Hamilton,Fort Meade,,https://www.linkedin.com/jobs/view/ai-model-sme-at-booz-allen-hamilton-4426516302,JSearch
AI Engineer III - Blue Ring,"Blue Origin Personnel, LLC",,,https://blueorigin.wd5.myworkdayjobs.com/en-US/BlueOrigin/job/AI-Engineer-III---Blue-Ring_R60897,JSearch
Python Backend Developer / Applied AI Engineer (In Office),Dragin,,,https://www.linkedin.com/jobs/view/python-backend-developer-applied-ai-engineer-in-office-at-dragin-4426389323,JSearch
Engineer III – CCaaS Data & AI Engineer,Objectways,Charlotte,,https://www.linkedin.com/jobs/view/engineer-iii-%E2%80%93-ccaas-data-ai-engineer-at-objectways-4427446181,JSearch
Entry Level AI Engineer,People In AI,Pittsburgh,,https://www.linkedin.com/jobs/view/entry-level-ai-engineer-at-people-in-ai-4428157066,JSearch
AI Engineer III - Blue Ring,Blue Origin,Renton,,https://bebee.com/us/jobs/ai-engineer-iii-blue-ring-blue-origin-renton--lensa-2365_340b0d1dd054078da5a4d6ccb4eaee4596b4050929a21381c417f0f6d3d92101,JSearch
Principal DevOps Engineer - 90372837 - Remote,Amtrak,Washington,,https://careers.amtrak.com/job/Washington-Principal-DevOps-Engineer-90372837-Remote-DC-20002/1382747200/,JSearch
Sr Cloud DevOps Engineer,Cherokee Federal,Washington,,https://www.linkedin.com/jobs/view/sr-cloud-devops-engineer-at-cherokee-federal-4428302815,JSearch
DevOps & Tools Engineer,Olik Global,Washington,,https://www.linkedin.com/jobs/view/devops-tools-engineer-at-olik-global-4428134649,JSearch
Junior Cloud DevOps Engineer,Guidehouse,Washington,,https://www.indeed.com/viewjob?jk=0fe54ec338218968,JSearch
Systems DevOps Engineer,RedBeard Solutions,Alexandria,,"https://www.ziprecruiter.com/c/RedBeard-Solutions/Job/Systems-DevOps-Engineer/-in-Alexandria,VA?jid=f7070c435265edee",JSearch
Jr Cloud DevOps Engineer Jobs,Cherokee Federal,Washington,,https://www.clearancejobs.com/jobs/8974036/jr-cloud-devops-engineer,JSearch
AWS DevOps Engineer,Smart IT Frame LLC,Bethesda,,https://www.linkedin.com/jobs/view/aws-devops-engineer-at-smart-it-frame-llc-4426977031?position=16&pageNum=0&refId=em0i%2F1zIuhWHJcskATQNjA%3D%3D&trackingId=E8igurKVIhRflMsMFfaAPg%3D%3D,JSearch
Junior Cloud DevOps Engineer,"Grant Leading Technology, LLC",Riverdale Park,,https://www.indeed.com/viewjob?jk=1f07f4868935826d,JSearch
SME DevOps Engineer,Leidos,Washington,,https://careers.leidos.com/jobs/17617714-sme-devops-engineer,JSearch
Azure DevOps Engineer,SAIC,Arlington,,https://jobs.saic.com/jobs/17790289-azure-devops-engineer,JSearch
Senior DevOps Engineer,CACI,Arlington,,https://searchcareers.caci.com/careers/job/1443150682708?domain=caci.com,JSearch
DevOps Engineer (Mid) TS/SCI Jobs,Amentum,Arlington,,https://www.clearancejobs.com/jobs/8963212/devops-engineer-mid-tssci,JSearch
"DevOps Engineer, Cyber & Data Resilience (Clearance Required)",Kroll,Washington,,https://www.indeed.com/viewjob?jk=2a8fdd2f35c0af54,JSearch
DevOps Engineer,Leidos,Washington,,https://www.whatjobs.com/jobs/devops-engineer/washington-navy-yard-district-of-columbia?id=2797880975,JSearch
DevOps Engineer Jobs,Booz Allen Hamilton,Arlington,,https://www.clearancejobs.com/jobs/8918609/devops-engineer,JSearch
"Senior Lead Software Engineer, DevOps (Cloud Operations Resilience Engineering)",Capital One,McLean,,https://www.capitalonecareers.com/job/mclean/senior-lead-software-engineer-devops-cloud-operations-resilience-engineering/1732/93225976560,JSearch
DevOps Engineer,Lockheed Martin,Herndon,,https://www.lockheedmartinjobs.com/job/herndon/devops-engineer/694/95143858464,JSearch
Azure DevOps Engineer,IvoryCloud,Rockville,,https://www.indeed.com/viewjob?jk=13929f752638a307,JSearch
DevOps Engineer,ASM Research,Greenbelt,,"https://www.ziprecruiter.com/c/ASM-Research/Job/DevOps-Engineer/-in-Greenbelt,MD?jid=65da023b7c4d0c40",JSearch
Senior DevOps Engineer (Hub-Remote: DC or Philly Metro),Element 84,,,https://www.linkedin.com/jobs/view/senior-devops-engineer-hub-remote-dc-or-philly-metro-at-element-84-4424792607,JSearch
Google Cloud Platform Engineer,LightFeather,Alexandria,,https://www.linkedin.com/jobs/view/google-cloud-platform-engineer-at-lightfeather-4428168696,JSearch
Cloud Engineer,Leidos,Beltsville,,https://www.careersingovernment.com/job/1524069/cloud-engineer/,JSearch
Cloud Engineer (AWS),"Contact Government Services, LLC",Washington,,https://www.indeed.com/viewjob?jk=f0c0060e38b5effd,JSearch
Senior Cloud Engineer,SAIC,Alexandria,,https://jobs.saic.com/jobs/17740147-senior-cloud-engineer,JSearch
AWS Cloud Engineer - Cloud Transformation & Migration (Remote),Technology Project Managers Inc,Silver Spring,,https://bebee.com/us/jobs/aws-cloud-engineer-cloud-transformation-migration-remote-technology-project-managers-inc-silver-spri--lensa-7428_a65393fa9b38866be913e78c84fc6c3ba1001589122d7e07b4b69e62e7579d28,JSearch
"Senior AWS Cloud Engineer - Onsite DC, Contract",Mastech Digital,Washington,,https://www.whatjobs.com/jobs/senior-aws-cloud-engineer/washington-district-of-columbia?id=2794215750,JSearch
Cloud Engineer SME - Full-time,Ignite IT,Suitland-Silver Hill,,https://www.snagajob.com/jobs/1218753707,JSearch
Hybrid Cloud Engineer,Arnold & Porter,Washington,,https://www.linkedin.com/jobs/view/hybrid-cloud-engineer-at-arnold-porter-4390704999,JSearch
Cloud Engineer,Fairfax County Public Schools,Falls Church,,https://www.topschooljobs.org/job/2434044/cloud-engineer/,JSearch
Cloud Engineer - GCP,Improvix Technologies,Washington,,https://www.indeed.com/viewjob?jk=6f025773e458d3f5,JSearch
Cleared AWS Cloud Engineer -(Public Trust) (4444),SMX,Washington,,https://www.theladders.com/job/cleared-aws-cloud-engineer-public-trust-4444-smx-washington-dc_82317803,JSearch
"Cloud Engineer, Senior",Cayuse Holdings,Washington,,"https://www.ziprecruiter.com/c/Cayuse-Holdings/Job/Cloud-Engineer,-Senior/-in-Washington,DC?jid=aa751e0c88d08871",JSearch
Mid-Level Cloud Engineer (4662) (Cleared & On-site),SMX,Washington,,https://www.tealhq.com/job/mid-level-cloud-engineer_7ea1a2914472ab4d7da3ca2d5601f01987927,JSearch
Senior Cloud Engineer,ECS,Falls Church,,"https://www.ziprecruiter.com/c/ECS/Job/Senior-Cloud-Engineer/-in-Falls-Church,VA?jid=f0e004fde1fadca2",JSearch
AWS Cloud Engineer,Bright Vision Technologies,Germantown,,https://www.linkedin.com/jobs/view/aws-cloud-engineer-at-bright-vision-technologies-4427929910,JSearch
Cloud Engineer (Azure),Trustar Bank,McLean,,https://www.indeed.com/viewjob?jk=b17a295857270560,JSearch
Backend Developer (TS/SCI Required),Accrete,Alexandria,,https://www.linkedin.com/jobs/view/backend-developer-ts-sci-required-at-accrete-4426153097,JSearch
Software Developer (Back End),"CGI Group, Inc.",Fairfax,,https://www.indeed.com/viewjob?jk=b6b89c57d8d6fa87,JSearch
Fresher Backend Developer Jobs in Washington DC,Cosmoquick,Washington,,https://cosmoquick.com/jobs-in/washington-dc/backend-developer-jobs/fresher,JSearch
Backend Developer,"Spatial Front, Inc",Arlington,,https://www.linkedin.com/jobs/view/backend-developer-at-spatial-front-inc-4383236702,JSearch
Part-Time Backend Developer Jobs in Washington DC,Cosmoquick,Washington,,https://cosmoquick.com/part-time-jobs-in/washington-dc/part-time-backend-developer,JSearch
Backend Developer,SWIFT Financial Messaging Services,Tysons,,https://www.indeed.com/viewjob?jk=32dddb9de4964db4,JSearch
Backend Developer,3B Staffing LLC,Washington,,https://lensa.com/job-v1/3b-staffing-llc/washington-dc/senior-backend-developer/957661bf253bcccfd3f51ee5dbd7b254,JSearch
Senior Java Backend Developer,Lumen Solutions Group Inc,Washington,,https://www.monster.com/job-openings/senior-java-backend-developer-washington-dc--c4af8a60-d173-4d37-b2ed-e4eab830218e,JSearch
Senior Backend Software Engineer,Addison Group,Washington,,https://addisongroup.com/jobs/job/senior-backend-software-engineer-information-technology-district-of-columbia-a1qpl000003sf9lyac/207321b4-5319-11f1-a4f6-024201c20d84,JSearch
Product Engineer - Backend,Promise,Washington,,https://www.indeed.com/viewjob?jk=b3c2ae7ab31142bb,JSearch
Backend Engineer : Modernizing a National Sports Platform,Uplifter Inc.,Arlington,,https://www.linkedin.com/jobs/view/backend-engineer-modernizing-a-national-sports-platform-at-uplifter-inc-4340307710,JSearch
Core Java Backend Developer | Java Developer (W2 ONLY),Macpower Digital Assets Edge Private Limited,McLean,,https://www.monster.com/job-openings/core-java-backend-developer-java-developer-w2-only-mclean-va--f38068ea-4a0f-4700-bd9a-02aad710f2b8,JSearch
Senior Backend Engineer,Pansophic Learning,McLean,,https://www.indeed.com/viewjob?jk=44f5a74b17141f9d,JSearch
Lead Backend Engineer,BluJuniper,Washington,,https://www.linkedin.com/jobs/view/lead-backend-engineer-at-blujuniper-4419972262,JSearch
Backend Software Engineer,Guardian RF,Washington,,https://www.linkedin.com/jobs/view/backend-software-engineer-at-guardian-rf-4287592494,JSearch
Backend Developer with GraphQL,Technology Ventures,McLean,,https://www.indeed.com/viewjob?jk=568858768d553fb9,JSearch
Backend Developer,Nelson Intelligence Solutions,Springfield,,"https://www.ziprecruiter.com/c/Nelson-Intelligence-Solutions/Job/Backend-Developer/-in-Springfield,VA?jid=addf57ee4b7d913a",JSearch
Front-End UI Developer,Experis,Washington,,https://www.linkedin.com/jobs/view/front-end-ui-developer-at-experis-4426907725,JSearch
Frontend Developer,"Dobbs Defense Solutions, LLC",Greater Landover,,https://www.indeed.com/viewjob?jk=93373f6735ebc5a2,JSearch
Frontend Developer,"Spatial Front, Inc",Arlington,,https://www.linkedin.com/jobs/view/frontend-developer-at-spatial-front-inc-4383244282,JSearch
Front-End Developer – Remote,Creative Information Technology India,,,https://www.indeed.com/viewjob?jk=191387a19e5ee59f,JSearch
Software Development Engineer II- Front End,Esri,Washington,,https://www.linkedin.com/jobs/view/software-development-engineer-ii-front-end-at-esri-4424720249,JSearch
Front End Web Developer Senior,Technology Ventures,McLean,,https://www.indeed.com/viewjob?jk=9d033d9c2391eec6,JSearch
Front End - React Developer,"Anagh Technologies, Inc.",Washington,,"https://www.ziprecruiter.com/c/Anagh-Technologies/Job/Front-End-React-Developer/-in-Washington,DC?jid=ed01a3f617aecc54",JSearch
Front End Engineer- Senior Associate,KPMG US,Washington,,https://www.linkedin.com/jobs/view/front-end-engineer-senior-associate-at-kpmg-us-4425548118,JSearch
Frontend Developer,Lyteforge Technologies LLC,McLean,,https://www.indeed.com/viewjob?jk=c908aa0e85742a47,JSearch
Front End Developer (mid-level),Astor & Sanders Corporation,McLean,,"https://www.ziprecruiter.com/c/Astor-&-Sanders/Job/Front-End-Developer-(mid-level)/-in-Mclean,VA?jid=4a43cf1a3436d7d7",JSearch
Front End Developer (Hybrid) - 28751,"Mission Technologies, a division of HII",Columbia,,https://www.linkedin.com/jobs/view/front-end-developer-hybrid-28751-at-mission-technologies-a-division-of-hii-4426991316,JSearch
Front End Developer,CACI,Columbia,,https://searchcareers.caci.com/careers/job/1443150216020,JSearch
Junior to Mid Level Front End Developer,"Futrend Technology, Inc.",Bethesda,,https://www.linkedin.com/jobs/view/junior-to-mid-level-front-end-developer-at-futrend-technology-inc-4366948840,JSearch
Front-End Angular Developer,Innovative Object Solutions Inc,Washington,,"https://www.ziprecruiter.com/c/Innovative-Object-Solutions/Job/Front-End-Angular-Developer/-in-Washington,DC?jid=82cd43d10b1b2ae8",JSearch
"Front End Development Engineer, One MHS Software Controls and Science",Amazon,Arlington,,https://www.linkedin.com/jobs/view/front-end-development-engineer-one-mhs-software-controls-and-science-at-amazon-4380577537,JSearch
Product Engineer - Frontend,Promise,Washington,,https://www.indeed.com/viewjob?jk=d7dd0e2daeac2064,JSearch
Senior Full Stack Developer,Open Systems Technologies Corporation,Alexandria,,https://www.linkedin.com/jobs/view/senior-full-stack-developer-at-open-systems-technologies-corporation-4428674915,JSearch
Full Stack Engineer with Security Clearance,"Mayvin, Inc.",Arlington,,https://www.linkedin.com/jobs/view/full-stack-engineer-with-security-clearance-at-mayvin-inc-4427966691,JSearch
Full Stack Developer,Cyber Security Innovations,Hyattsville,,https://www.indeed.com/viewjob?jk=0f5c4e738bf040d7,JSearch
Full-Stack PHP Developer,Pioneering Evolution LLC,Arlington,,https://www.indeed.com/viewjob?jk=e8fad4cd542dc7ee,JSearch
.NET Full Stack Developer Jobs,E-INFOSOL LLC,Washington,,https://www.clearancejobs.com/jobs/8970545/net-full-stack-developer,JSearch
Full Stack Developer // AI & Cybersecurity,threatER,Washington,,https://www.linkedin.com/jobs/view/full-stack-developer-ai-cybersecurity-at-threater-4406790980,JSearch
Sr. Full Stack Developer,Leidos,Bethesda,,https://careers.leidos.com/jobs/17742014-sr-full-stack-developer,JSearch
Full Stack Developer,BCC-NIH,Bethesda,,"https://www.ziprecruiter.com/c/BCC-NIH/Job/Full-Stack-Developer/-in-Bethesda,MD?jid=386285bee9b91787",JSearch
Java Full Stack Developer - W2 Contract,"eSolutionsFirst, LLC",McLean,,https://www.dice.com/job-detail/a299ee61-8077-4f68-978c-dff7368e06ee,JSearch
.NET Full Stack Developer - Senior - Top Secret required to apply - Wash DC - Wash DC + Hybrid,Bow Wave LLC,Washington,,https://www.indeed.com/viewjob?jk=db651145d7ab70bd,JSearch
Full Stack Developer,BOOST LLC,Silver Spring,,https://www.monster.com/job-openings/full-stack-developer-silver-spring-md--e9ae7101-4c27-4093-88e1-259eb48743f9,JSearch
Sr. Full stack Developer- Big Data Focused,Interon IT Solutions,McLean,,https://www.linkedin.com/jobs/view/sr-full-stack-developer-big-data-focused-at-interon-it-solutions-4428123915,JSearch
Full-Stack Developer (100% On-Site | Contract-to-Hire),Potomac,Bethesda,,https://www.indeed.com/viewjob?jk=c4aff347551f93da,JSearch
Full Stack Developer,Accenture Federal Services,Suitland-Silver Hill,,https://www.linkedin.com/jobs/view/full-stack-developer-at-accenture-federal-services-4412989118,JSearch
Sr. Full Stack Developer,EntreVation,Washington,,"https://www.glassdoor.com/job-listing/sr-full-stack-developer-entrevation-JV_IC1138213_KO0,23_KE24,35.htm?jl=1006134777638",JSearch
Full Stack Developer (Always Recruiting),Dev Talent Network,Washington,,"https://www.ziprecruiter.com/c/Dev-Talent-Network/Job/Full-Stack-Developer-(Always-Recruiting)/-in-Washington,DC?jid=24475f2f8a703f54",JSearch
Full Stack Software Engineer,Rune Technologies,Arlington,,https://www.indeed.com/viewjob?jk=f6b236b8526336f3,JSearch
Lead Full Stack Developer,Two Six Technologies,Arlington,,https://www.monster.com/job-openings/lead-full-stack-developer-arlington-va--d08cfc9f-bf70-41f4-8a27-2ff69847f520,JSearch
Full Stack Java Developer (Public Trust Clearance Required),Information Gateways Inc.,,,https://www.linkedin.com/jobs/view/full-stack-java-developer-public-trust-clearance-required-at-information-gateways-inc-4424594133,JSearch
